<?xml version="1.0" encoding="UTF-8"?>
<metadata xml:lang="zh"><Esri><CreaDate>20231120</CreaDate><CreaTime>11290300</CreaTime><ArcGISFormat>1.0</ArcGISFormat><SyncOnce>FALSE</SyncOnce><DataProperties><lineage><Process ToolSource="c:\program files\arcgis\pro\Resources\ArcToolbox\Toolboxes\Data Management Tools.tbx\DeleteField" Date="20231120" Time="112903">DeleteField Export_Output Field2 删除字段</Process><Process ToolSource="c:\program files\arcgis\pro\Resources\ArcToolbox\Toolboxes\Data Management Tools.tbx\DeleteField" Date="20231120" Time="112906">DeleteField Export_Output Field1 删除字段</Process><Process ToolSource="c:\program files\arcgis\pro\Resources\ArcToolbox\Toolboxes\Data Management Tools.tbx\DeleteField" Date="20231120" Time="112910">DeleteField Export_Output 每个L_1 删除字段</Process><Process ToolSource="c:\program files\arcgis\pro\Resources\ArcToolbox\Toolboxes\Data Management Tools.tbx\DeleteField" Date="20231120" Time="112914">DeleteField Export_Output 每个L除 删除字段</Process><Process ToolSource="c:\program files\arcgis\pro\Resources\ArcToolbox\Toolboxes\Data Management Tools.tbx\DeleteField" Date="20231120" Time="112919">DeleteField Export_Output 河段__13 删除字段</Process><Process ToolSource="c:\program files\arcgis\pro\Resources\ArcToolbox\Toolboxes\Data Management Tools.tbx\DeleteField" Date="20231120" Time="112924">DeleteField Export_Output 河段_12 删除字段</Process><Process ToolSource="c:\program files\arcgis\pro\Resources\ArcToolbox\toolboxes\Conversion Tools.tbx\ExportFeatures" Date="20231120" Time="113138">ExportFeatures Export_Output C:\Users\setup\Desktop\111111111111111\123.shp # NOT_USE_ALIAS "reach_ID_r "reach_ID_r" true true false 13 Float 0 0,First,#,Export_Output,reach_ID_r,-1,-1" #</Process><Process ToolSource="c:\program files\arcgis\pro\Resources\ArcToolbox\toolboxes\Conversion Tools.tbx\ExportFeatures" Date="20231120" Time="113250">ExportFeatures 123 C:\Users\setup\Desktop\111111111111111\234.shp # NOT_USE_ALIAS "reach_ID_r "reach_ID_r" true true false 13 Float 0 0,First,#,123,reach_ID_r,-1,-1" #</Process><Process ToolSource="c:\program files\arcgis\pro\Resources\ArcToolbox\toolboxes\Conversion Tools.tbx\ExportFeatures" Date="20231120" Time="120137">ExportFeatures 234 C:\Users\setup\Desktop\111111111111111\456.shp # NOT_USE_ALIAS "reach_ID_r "reach_ID_r" true true false 13 Float 0 0,First,#,234,234.reach_ID_r,-1,-1;reach_ID_r "reach_ID_r" true true false 8 Double 0 0,First,#,234,Sheet1$.reach_ID_r,-1,-1;Distance_from_upstream__km_ "Distance_from_upstream_(km)" true true false 8 Double 0 0,First,#,234,Sheet1$.Distance_from_upstream__km_,-1,-1;Valley_floor_width__m_ "Valley_floor_width (m)" true true false 8 Double 0 0,First,#,234,Sheet1$.Valley_floor_width__m_,-1,-1;Damming_probability "Damming_probability" true true false 8 Double 0 0,First,#,234,Sheet1$.Damming_probability,-1,-1;Upstream_watershed_area__km2_ "Upstream_watershed_area_(km2)" true true false 8 Double 0 0,First,#,234,Sheet1$.Upstream_watershed_area__km2_,-1,-1;Annual_mean_flow_rate__m3_s_1_ "Annual_mean_flow_rate_(m3 s-1)" true true false 8 Double 0 0,First,#,234,Sheet1$.Annual_mean_flow_rate__m3_s_1_,-1,-1;QM_10000 "QM,10000" true true false 8 Double 0 0,First,#,234,Sheet1$.QM_10000,-1,-1;QM_1000 "QM,1000" true true false 8 Double 0 0,First,#,234,Sheet1$.QM_1000,-1,-1;QM_100 "QM,100" true true false 8 Double 0 0,First,#,234,Sheet1$.QM_100,-1,-1;QM_50 "QM,50" true true false 8 Double 0 0,First,#,234,Sheet1$.QM_50,-1,-1;ObjectID "ObjectID" false true false 4 Long 0 9,First,#,234,Sheet1$.ObjectID,-1,-1" #</Process><Process ToolSource="c:\program files\arcgis\pro\Resources\ArcToolbox\toolboxes\Data Management Tools.tbx\DeleteField" Date="20231120" Time="120215">DeleteField 456 ObjectID 删除字段</Process><Process ToolSource="c:\program files\arcgis\pro\Resources\ArcToolbox\toolboxes\Data Management Tools.tbx\DeleteField" Date="20231120" Time="120222">DeleteField 456 reach_ID_r 删除字段</Process><Process ToolSource="c:\program files\arcgis\pro\Resources\ArcToolbox\toolboxes\Conversion Tools.tbx\ExportFeatures" Date="20231120" Time="120923">ExportFeatures 456 "E:\OneDrive - HKUST Connect\HKUST - 2022 spring\0 flood risk-2\99 整理出补充材料的数据\Data for Fig. 2\Jinsha_River_channel_centerline.shp" # NOT_USE_ALIAS "reach_ID_1 "River segment No." true true false 19 Double 0 0,First,#,456,reach_ID_1,-1,-1;Distance_f "Distance from upstream (km)" true true false 19 Double 0 0,First,#,456,Distance_f,-1,-1;Valley_flo "Valley floor width (m)" true true false 19 Double 0 0,First,#,456,Valley_flo,-1,-1;Damming_pr "Damming probability" true true false 19 Double 0 0,First,#,456,Damming_pr,-1,-1;Upstream_w "Upstream watershed area (km2)" true true false 19 Double 0 0,First,#,456,Upstream_w,-1,-1;Annual_mea "Annual mean flow rate (m3 s-1)" true true false 19 Double 0 0,First,#,456,Annual_mea,-1,-1;QM_10000 "QM_10000" true true false 19 Double 0 0,First,#,456,QM_10000,-1,-1;QM_1000 "QM_1000" true true false 19 Double 0 0,First,#,456,QM_1000,-1,-1;QM_100 "QM_100" true true false 19 Double 0 0,First,#,456,QM_100,-1,-1;QM_50 "QM_50" true true false 19 Double 0 0,First,#,456,QM_50,-1,-1" #</Process></lineage><itemProps><itemName Sync="TRUE">Jinsha_River_channel_centerline</itemName><imsContentType Sync="TRUE">002</imsContentType><itemSize Sync="TRUE">0.000</itemSize><itemLocation><linkage Sync="TRUE">file://\\XIAOSHIHAO\E$\OneDrive - HKUST Connect\HKUST - 2022 spring\0 flood risk-2\99 整理出补充材料的数据\Data for Fig. 2\Jinsha_River_channel_centerline.shp</linkage><protocol Sync="TRUE">Local Area Network</protocol></itemLocation></itemProps><coordRef><type Sync="TRUE">Projected</type><geogcsn Sync="TRUE">GCS_WGS_1984</geogcsn><csUnits Sync="TRUE">Linear Unit: Meter (1.000000)</csUnits><projcsn Sync="TRUE">WGS_1984_UTM_Zone_47N</projcsn><peXml Sync="TRUE">&lt;ProjectedCoordinateSystem xsi:type='typens:ProjectedCoordinateSystem' xmlns:xsi='http://www.w3.org/2001/XMLSchema-instance' xmlns:xs='http://www.w3.org/2001/XMLSchema' xmlns:typens='http://www.esri.com/schemas/ArcGIS/3.0.0'&gt;&lt;WKT&gt;PROJCS[&amp;quot;WGS_1984_UTM_Zone_47N&amp;quot;,GEOGCS[&amp;quot;GCS_WGS_1984&amp;quot;,DATUM[&amp;quot;D_WGS_1984&amp;quot;,SPHEROID[&amp;quot;WGS_1984&amp;quot;,6378137.0,298.257223563]],PRIMEM[&amp;quot;Greenwich&amp;quot;,0.0],UNIT[&amp;quot;Degree&amp;quot;,0.0174532925199433]],PROJECTION[&amp;quot;Transverse_Mercator&amp;quot;],PARAMETER[&amp;quot;False_Easting&amp;quot;,500000.0],PARAMETER[&amp;quot;False_Northing&amp;quot;,0.0],PARAMETER[&amp;quot;Central_Meridian&amp;quot;,99.0],PARAMETER[&amp;quot;Scale_Factor&amp;quot;,0.9996],PARAMETER[&amp;quot;Latitude_Of_Origin&amp;quot;,0.0],UNIT[&amp;quot;Meter&amp;quot;,1.0],AUTHORITY[&amp;quot;EPSG&amp;quot;,32647]]&lt;/WKT&gt;&lt;XOrigin&gt;-5120900&lt;/XOrigin&gt;&lt;YOrigin&gt;-9998100&lt;/YOrigin&gt;&lt;XYScale&gt;450445547.3910538&lt;/XYScale&gt;&lt;ZOrigin&gt;-100000&lt;/ZOrigin&gt;&lt;ZScale&gt;10000&lt;/ZScale&gt;&lt;MOrigin&gt;-100000&lt;/MOrigin&gt;&lt;MScale&gt;10000&lt;/MScale&gt;&lt;XYTolerance&gt;0.001&lt;/XYTolerance&gt;&lt;ZTolerance&gt;0.001&lt;/ZTolerance&gt;&lt;MTolerance&gt;0.001&lt;/MTolerance&gt;&lt;HighPrecision&gt;true&lt;/HighPrecision&gt;&lt;WKID&gt;32647&lt;/WKID&gt;&lt;LatestWKID&gt;32647&lt;/LatestWKID&gt;&lt;/ProjectedCoordinateSystem&gt;</peXml></coordRef></DataProperties><SyncDate>20231120</SyncDate><SyncTime>12092300</SyncTime><ModDate>20231120</ModDate><ModTime>12092300</ModTime></Esri><dataIdInfo><envirDesc Sync="TRUE">Microsoft Windows 10 Version 10.0 (Build 19045) ; Esri ArcGIS 13.0.2.36056</envirDesc><dataLang><languageCode value="zho" Sync="TRUE"></languageCode><countryCode value="CHN" Sync="TRUE"></countryCode></dataLang><idCitation><resTitle Sync="TRUE">Jinsha_River_channel_centerline</resTitle><presForm><PresFormCd value="005" Sync="TRUE"></PresFormCd></presForm></idCitation><spatRpType><SpatRepTypCd value="001" Sync="TRUE"></SpatRepTypCd></spatRpType></dataIdInfo><mdLang><languageCode value="zho" Sync="TRUE"></languageCode><countryCode value="CHN" Sync="TRUE"></countryCode></mdLang><mdChar><CharSetCd value="004" Sync="TRUE"></CharSetCd></mdChar><distInfo><distFormat><formatName Sync="TRUE">Shapefile</formatName></distFormat><distTranOps><transSize Sync="TRUE">0.000</transSize></distTranOps></distInfo><mdHrLv><ScopeCd value="005" Sync="TRUE"></ScopeCd></mdHrLv><mdHrLvName Sync="TRUE">dataset</mdHrLvName><refSysInfo><RefSystem><refSysID><identCode code="32647" Sync="TRUE"></identCode><idCodeSpace Sync="TRUE">EPSG</idCodeSpace><idVersion Sync="TRUE">6.2(3.0.1)</idVersion></refSysID></RefSystem></refSysInfo><spatRepInfo><VectSpatRep><geometObjs Name="Jinsha_River_channel_centerline"><geoObjTyp><GeoObjTypCd value="002" Sync="TRUE"></GeoObjTypCd></geoObjTyp><geoObjCnt Sync="TRUE">0</geoObjCnt></geometObjs><topLvl><TopoLevCd value="001" Sync="TRUE"></TopoLevCd></topLvl></VectSpatRep></spatRepInfo><spdoinfo><ptvctinf><esriterm Name="Jinsha_River_channel_centerline"><efeatyp Sync="TRUE">Simple</efeatyp><efeageom code="3" Sync="TRUE"></efeageom><esritopo Sync="TRUE">FALSE</esritopo><efeacnt Sync="TRUE">0</efeacnt><spindex Sync="TRUE">FALSE</spindex><linrefer Sync="TRUE">FALSE</linrefer></esriterm></ptvctinf></spdoinfo><eainfo><detailed Name="Jinsha_River_channel_centerline"><enttyp><enttypl Sync="TRUE">Jinsha_River_channel_centerline</enttypl><enttypt Sync="TRUE">Feature Class</enttypt><enttypc Sync="TRUE">0</enttypc></enttyp><attr><attrlabl Sync="TRUE">FID</attrlabl><attalias Sync="TRUE">FID</attalias><attrtype Sync="TRUE">OID</attrtype><attwidth Sync="TRUE">4</attwidth><atprecis Sync="TRUE">0</atprecis><attscale Sync="TRUE">0</attscale><attrdef Sync="TRUE">Internal feature number.</attrdef><attrdefs Sync="TRUE">Esri</attrdefs><attrdomv><udom Sync="TRUE">Sequential unique whole numbers that are automatically generated.</udom></attrdomv></attr><attr><attrlabl Sync="TRUE">Shape</attrlabl><attalias Sync="TRUE">Shape</attalias><attrtype Sync="TRUE">Geometry</attrtype><attwidth Sync="TRUE">0</attwidth><atprecis Sync="TRUE">0</atprecis><attscale Sync="TRUE">0</attscale><attrdef Sync="TRUE">Feature geometry.</attrdef><attrdefs Sync="TRUE">Esri</attrdefs><attrdomv><udom Sync="TRUE">Coordinates defining the features.</udom></attrdomv></attr><attr><attrlabl Sync="TRUE">reach_ID_1</attrlabl><attalias Sync="TRUE">reach_ID_1</attalias><attrtype Sync="TRUE">Double</attrtype><attwidth Sync="TRUE">19</attwidth><atprecis Sync="TRUE">0</atprecis><attscale Sync="TRUE">0</attscale></attr><attr><attrlabl Sync="TRUE">Distance_f</attrlabl><attalias Sync="TRUE">Distance_f</attalias><attrtype Sync="TRUE">Double</attrtype><attwidth Sync="TRUE">19</attwidth><atprecis Sync="TRUE">0</atprecis><attscale Sync="TRUE">0</attscale></attr><attr><attrlabl Sync="TRUE">Valley_flo</attrlabl><attalias Sync="TRUE">Valley_flo</attalias><attrtype Sync="TRUE">Double</attrtype><attwidth Sync="TRUE">19</attwidth><atprecis Sync="TRUE">0</atprecis><attscale Sync="TRUE">0</attscale></attr><attr><attrlabl Sync="TRUE">Damming_pr</attrlabl><attalias Sync="TRUE">Damming_pr</attalias><attrtype Sync="TRUE">Double</attrtype><attwidth Sync="TRUE">19</attwidth><atprecis Sync="TRUE">0</atprecis><attscale Sync="TRUE">0</attscale></attr><attr><attrlabl Sync="TRUE">Upstream_w</attrlabl><attalias Sync="TRUE">Upstream_w</attalias><attrtype Sync="TRUE">Double</attrtype><attwidth Sync="TRUE">19</attwidth><atprecis Sync="TRUE">0</atprecis><attscale Sync="TRUE">0</attscale></attr><attr><attrlabl Sync="TRUE">Annual_mea</attrlabl><attalias Sync="TRUE">Annual_mea</attalias><attrtype Sync="TRUE">Double</attrtype><attwidth Sync="TRUE">19</attwidth><atprecis Sync="TRUE">0</atprecis><attscale Sync="TRUE">0</attscale></attr><attr><attrlabl Sync="TRUE">QM_10000</attrlabl><attalias Sync="TRUE">QM_10000</attalias><attrtype Sync="TRUE">Double</attrtype><attwidth Sync="TRUE">19</attwidth><atprecis Sync="TRUE">0</atprecis><attscale Sync="TRUE">0</attscale></attr><attr><attrlabl Sync="TRUE">QM_1000</attrlabl><attalias Sync="TRUE">QM_1000</attalias><attrtype Sync="TRUE">Double</attrtype><attwidth Sync="TRUE">19</attwidth><atprecis Sync="TRUE">0</atprecis><attscale Sync="TRUE">0</attscale></attr><attr><attrlabl Sync="TRUE">QM_100</attrlabl><attalias Sync="TRUE">QM_100</attalias><attrtype Sync="TRUE">Double</attrtype><attwidth Sync="TRUE">19</attwidth><atprecis Sync="TRUE">0</atprecis><attscale Sync="TRUE">0</attscale></attr><attr><attrlabl Sync="TRUE">QM_50</attrlabl><attalias Sync="TRUE">QM_50</attalias><attrtype Sync="TRUE">Double</attrtype><attwidth Sync="TRUE">19</attwidth><atprecis Sync="TRUE">0</atprecis><attscale Sync="TRUE">0</attscale></attr></detailed></eainfo><mdDateSt Sync="TRUE">20231120</mdDateSt></metadata>
